Name,Group,Age,Gender,VR Experience,Musical Background,Fridge Avg. Open Time,Fridge Open Count,Fridge Open Rate,Stove Avg. Power,Total Time
Leo,1,29,0,2,3,29.1,2,0.05459867162,0.58,532.98
Tao,2,29,1,1,2,64.67,2,0.1129251938,0.4,572.68
Zhang,3,26,0,1,1,15.1,2,0.02116743299,0.53,713.36
Ao,1,25,1,1,1,107.23,3,0.2088218111,0.41,513.5
Azalea,2,56,1,0,1,141.46,5,0.1954029339,0.1,723.94
Fran,3,24,1,1,2,258.37,1,0.3464101361,0.24,745.85
Bente,1,26,1,0,2,26.73,2,0.04035265168,0.19,662.41
Ajda,2,24,1,0,2,96.09,2,0.09569382755,0.12,1004.14
Hussein,3,26,0,2,2,386.961,1,0.6179511338,0.01,626.2